City_ID,City,Lat,Lng,Max Temp,Humidity,Cloudiness,Wind Speed,Country,Date
0,stanley,54.868,-1.6985,10.16,95,100,2.06,GB,1698262710
1,vallenar,-28.5708,-70.7581,28.59,20,0,5.18,CL,1698262842
2,ushuaia,-54.8,-68.3,9.81,57,75,8.75,AR,1698262513
3,icano,-28.9193,-65.3282,18.53,71,98,4.42,AR,1698262977
4,hithadhoo,-0.6,73.0833,27.79,78,41,7.08,MV,1698262856
5,howrah,22.5892,88.3103,26.0,89,20,1.54,IN,1698262774
6,coxen hole,16.3244,-86.5366,26.6,89,75,2.57,HN,1698262978
7,edinburgh of the seven seas,-37.0676,-12.3116,10.16,53,10,6.62,SH,1698262723
8,port alfred,-33.5906,26.891,16.77,87,13,0.89,ZA,1698262804
9,tazacorte,28.629,-17.9293,23.54,86,75,3.6,ES,1698262742
10,usinsk,65.9939,57.5281,-9.96,95,99,4.47,RU,1698262602
11,tamanrasset,22.785,5.5228,22.95,14,0,1.03,DZ,1698262980
12,yellowknife,62.456,-114.3525,-3.1,82,75,5.66,CA,1698262740
13,avarua,-21.2078,-159.775,22.03,56,75,3.09,CK,1698262752
14,marysville,48.0518,-122.1771,10.61,93,100,3.09,US,1698262981
15,takoradi,4.8845,-1.7554,25.6,86,99,3.82,GH,1698262981
16,bethel,41.3712,-73.414,24.05,51,0,4.12,US,1698262512
17,price,39.5994,-110.8107,17.84,27,0,3.6,US,1698262982
18,hilo,19.7297,-155.09,31.27,76,40,2.57,US,1698262733
19,tughyl,47.7252,84.2063,8.85,57,81,5.9,KZ,1698262983
20,tranas,58.0372,14.9782,0.77,96,100,4.87,SE,1698262983
21,alum rock,37.3661,-121.8272,20.98,55,40,4.02,US,1698262983
22,port-aux-francais,-49.35,70.2167,4.71,85,100,3.97,TF,1698262711
23,san antonio de pale,-1.4014,5.6325,26.06,82,93,4.99,GQ,1698262846
24,waitangi,-43.9535,-176.5597,13.23,95,9,1.79,NZ,1698262716
25,kailua-kona,19.6406,-155.9956,30.33,68,20,4.12,US,1698262937
26,puerto natales,-51.7236,-72.4875,6.25,87,100,9.77,CL,1698262745
27,cockburn town,21.4612,-71.1419,28.98,54,40,9.26,TC,1698262850
28,iqaluit,63.7506,-68.5145,-6.15,67,75,1.54,CA,1698262715
29,ribeira grande,38.5167,-28.7,20.22,94,75,8.23,PT,1698262724
30,hamilton,39.1834,-84.5333,23.73,58,75,3.09,US,1698262888
31,ancud,-41.8697,-73.8203,12.69,73,74,4.94,CL,1698262840
32,port mathurin,-19.6833,63.4167,24.69,80,11,8.49,MU,1698262751
33,kodiak,57.79,-152.4072,2.73,87,0,0.0,US,1698262801
34,vientiane,17.9667,102.6,22.81,95,100,1.06,LA,1698262810
35,papatowai,-46.5619,169.4708,12.56,86,95,4.83,NZ,1698262730
36,nar'yan-mar,67.6713,53.087,-0.5,96,100,6.71,RU,1698262829
37,adamstown,-25.066,-130.1015,22.67,82,50,7.16,PN,1698262706
38,mandalgovi,45.7625,106.2708,3.83,32,5,4.04,MN,1698262990
39,mugia,43.1041,-9.2179,19.95,92,100,9.08,ES,1698262990
40,la passe,45.5549,-0.8967,17.21,90,100,10.53,FR,1698262580
41,capayan,-28.761,-66.0502,23.78,57,98,4.17,AR,1698262990
42,queenstown,-31.8976,26.8753,13.77,73,7,2.03,ZA,1698262990
43,touros,-5.1989,-35.4608,25.81,71,30,5.44,BR,1698262991
44,talnakh,69.4865,88.3972,-6.55,95,100,0.99,RU,1698262740
45,rioja,-29.4111,-66.8507,20.16,72,89,2.05,AR,1698262991
46,nemuro,43.3236,145.575,11.88,76,5,0.15,JP,1698262837
47,grytviken,-54.2811,-36.5092,2.49,68,56,6.07,GS,1698262719
48,maumere,-8.6199,122.2111,25.84,69,44,1.41,ID,1698262992
49,pedro juan caballero,-22.5472,-55.7333,26.98,74,20,5.14,PY,1698262993
50,maxixe,-23.8597,35.3472,20.82,72,0,4.07,MZ,1698262993
51,abatskoye,56.2875,70.4555,-1.72,96,100,7.19,RU,1698262993
52,port saint john's,-31.6229,29.5448,17.93,82,21,3.37,ZA,1698262771
53,padang,-0.9492,100.3543,24.39,89,100,1.67,ID,1698262994
54,albany,42.6001,-73.9662,22.36,51,95,1.76,US,1698262709
55,salmon arm,50.6998,-119.3024,5.73,49,36,1.58,CA,1698262995
56,thompson,55.7435,-97.8558,-0.91,55,75,3.6,CA,1698262706
57,mil'kovo,55.6078,37.7956,-0.53,72,68,2.48,RU,1698262995
58,tralee,52.2704,-9.7026,10.92,94,85,2.21,IE,1698262910
59,constantia,44.1833,28.65,21.38,58,60,4.41,RO,1698262546
60,colonia,50.9333,6.95,12.13,90,100,4.63,DE,1698262643
61,hasaki,35.7333,140.8333,11.22,72,6,6.33,JP,1698262922
62,rongelap,11.1635,166.8941,28.06,77,83,6.24,MH,1698262998
63,kristiansund,63.1115,7.732,7.36,61,32,2.57,NO,1698262639
64,longyearbyen,78.2186,15.6401,-6.09,86,20,3.6,SJ,1698262712
65,arak,34.0917,49.6892,11.72,62,59,2.49,IR,1698262955
66,selfoss,63.9331,-20.9971,6.69,82,15,4.14,IS,1698262745
67,daru,-9.0763,143.2092,23.05,81,68,3.2,PG,1698262999
68,tazovsky,67.4667,78.7,-9.72,95,76,2.57,RU,1698263000
69,yemva,62.59,50.8594,-2.17,82,100,4.19,RU,1698263000
70,broome,42.2506,-75.833,23.44,51,0,3.6,US,1698263000
71,west island,-12.1568,96.8225,25.99,89,75,7.2,CC,1698262707
72,ha'il,27.5219,41.6907,20.01,68,0,1.03,SA,1698262953
73,biltine,14.5333,20.9167,29.36,16,0,3.87,TD,1698263001
74,severo-yeniseyskiy,60.3725,93.0408,-1.35,94,100,2.24,RU,1698263001
75,udachny,66.4167,112.4,-16.06,96,25,3.26,RU,1698262616
76,jamestown,42.097,-79.2353,23.34,30,0,4.12,US,1698262573
77,beloretsk,53.9631,58.3981,-6.93,94,46,1.34,RU,1698263002
78,college,64.8569,-147.8028,-2.28,85,40,2.06,US,1698262857
79,ta`u,-14.2336,-169.5144,25.84,74,97,8.64,AS,1698262769
80,roccella ionica,38.322,16.4009,20.41,82,24,4.57,IT,1698263004
81,anadyr,64.75,177.4833,4.28,93,100,12.0,RU,1698262749
82,mount isa,-20.7333,139.5,20.87,23,0,7.72,AU,1698262833
83,utrik,11.2278,169.8474,27.27,72,59,4.45,MH,1698262722
84,barcelos,41.5388,-8.6151,20.08,96,100,4.65,PT,1698262768
85,manadhoo,5.7667,73.3833,27.66,77,85,3.09,MV,1698263006
86,waingapu,-9.6567,120.2641,25.45,72,14,0.36,ID,1698263006
87,kununurra,-15.7667,128.7333,24.99,83,40,2.06,AU,1698262860
88,kingston,17.997,-76.7936,29.0,89,75,1.03,JM,1698262773
89,iskateley,67.6803,53.1512,-0.55,96,100,6.71,RU,1698262736
90,tsiombe,-25.3,45.4833,22.31,81,88,2.78,MG,1698262886
91,barra velha,-26.6322,-48.6847,22.94,79,99,2.13,BR,1698263008
92,villamontes,-21.25,-63.5,24.69,69,100,2.57,BO,1698263008
93,hadibu,12.65,54.0333,26.76,79,83,5.22,YE,1698262914
94,babolsar,36.7025,52.6576,19.18,80,15,0.94,IR,1698263009
95,ulaangom,49.9811,92.0667,1.84,52,100,0.95,MN,1698263010
96,enewetak,11.3474,162.3373,27.0,85,100,4.47,MH,1698262723
97,isafjordur,66.0755,-23.124,2.84,87,98,2.87,IS,1698262505
98,mount gambier,-37.8333,140.7667,7.79,78,39,3.23,AU,1698262741
99,rudnichnyy,59.617,52.4703,-4.49,82,12,3.63,RU,1698263012
100,dibba al-hisn,25.6196,56.2729,25.1,63,70,1.64,AE,1698263012
101,sikasso,10.9167,-7.0,28.88,47,42,2.08,ML,1698263013
102,afaahiti,-17.75,-149.2833,26.93,81,100,3.13,PF,1698262847
103,happy valley-goose bay,53.3168,-60.3315,10.17,53,75,5.66,CA,1698262542
104,yuzhno-kurilsk,44.0306,145.8556,12.99,87,1,1.55,RU,1698262873
105,minas de marcona,-15.2119,-75.1103,19.01,64,63,5.21,PE,1698262761
106,aasiaat,68.7098,-52.8699,-12.35,86,91,4.0,GL,1698262711
107,bilibino,68.0546,166.4372,-15.3,98,95,1.48,RU,1698262653
108,fortuna,40.5982,-124.1573,14.25,87,40,1.54,US,1698263016
109,porto novo,6.4965,2.6036,27.9,87,100,2.48,BJ,1698263016
110,tabou,4.423,-7.3528,25.38,86,100,2.12,CI,1698263016
111,roschinskiy,53.2669,40.0039,-1.09,66,100,3.7,RU,1698263017
112,saldanha,-33.0117,17.9442,15.03,86,100,5.31,ZA,1698263017
113,invercargill,-46.4,168.35,12.23,94,73,4.02,NZ,1698262734
114,ebon,4.582,168.6964,28.62,77,30,5.85,MH,1698263017
115,st. john's,47.5649,-52.7093,11.66,78,100,10.8,CA,1698263018
116,rio grande,-32.035,-52.0986,22.06,73,33,7.62,BR,1698262815
117,runing,33.0011,114.3542,18.12,67,12,2.04,CN,1698263019
118,orsova,44.7253,22.3961,16.55,64,100,0.91,RO,1698263020
119,olonkinbyen,70.9221,-8.7187,0.76,82,100,5.53,SJ,1698262738
120,tiksi,71.6872,128.8694,-16.28,94,91,1.85,RU,1698262714
121,bosobolo,4.1833,19.9,22.76,95,99,0.63,CD,1698263020
122,labasa,-16.4167,179.3833,26.24,62,84,5.48,FJ,1698263021
123,papao,-17.75,-149.55,27.82,77,100,0.69,PF,1698262862
124,port elizabeth,-33.918,25.5701,17.4,86,0,6.17,ZA,1698262561
125,whitehorse,60.7161,-135.0538,-1.61,63,75,4.12,CA,1698262759
126,talitsa,56.8804,60.0213,-5.7,97,44,3.16,RU,1698263022
127,obo,5.3998,26.4869,20.81,93,100,1.7,CF,1698263023
128,gadzhiyevo,69.2551,33.3362,-5.14,94,80,3.59,RU,1698263023
129,madang,-5.2246,145.7966,24.62,91,100,0.63,PG,1698263023
130,sitka,57.0531,-135.33,3.94,65,20,0.0,US,1698262921
131,mejit,10.2753,170.8646,27.84,77,78,4.89,MH,1698262836
132,bredasdorp,-34.5322,20.0403,14.41,86,100,1.61,ZA,1698262557
133,upington,-28.4478,21.2561,26.21,14,0,2.06,ZA,1698263024
134,greenville,35.6127,-77.3663,26.75,54,0,2.24,US,1698263025
135,coquimbo,-29.9533,-71.3436,15.85,77,75,4.63,CL,1698262827
136,kerikeri,-35.2268,173.9474,16.06,94,11,3.33,NZ,1698262923
137,kangding,30.0513,101.9603,8.79,97,100,1.3,CN,1698263026
138,punta arenas,-53.15,-70.9167,9.01,70,75,16.46,CL,1698262771
139,krotovka,53.2858,51.1686,-1.66,72,4,2.71,RU,1698263026
140,gwadar,25.1216,62.3254,26.25,78,41,3.36,PK,1698263027
141,newman,37.3138,-121.0208,21.8,24,16,1.27,US,1698262760
142,murzuq,25.9155,13.9184,26.51,21,100,2.63,LY,1698263027
143,qaqortoq,60.7167,-46.0333,0.72,80,100,2.87,GL,1698262708
144,toro,4.6117,-76.0814,28.38,79,73,1.93,CO,1698263027
145,mahina,-17.5065,-149.489,27.87,65,75,0.0,PF,1698262929
146,la'ie,21.6477,-157.9253,29.47,76,0,1.34,US,1698262852
147,yoloten,37.2989,62.3597,23.7,26,100,3.61,TM,1698263028
148,mokhsogollokh,61.4681,128.9203,-4.32,95,100,2.24,RU,1698263029
149,cabo san lucas,22.8909,-109.9124,29.17,52,20,2.06,MX,1698262733
150,kingscliff,-28.2667,153.5667,21.89,83,100,3.6,AU,1698263029
151,egilsstadir,65.2653,-14.3948,1.95,93,75,1.54,IS,1698262751
152,saint-pierre,-21.3393,55.4781,25.87,73,0,2.06,RE,1698262756
153,poteau,35.0537,-94.6236,27.86,54,40,4.63,US,1698263030
154,remire-montjoly,4.9167,-52.2667,32.02,62,0,5.66,GF,1698262850
155,ad dabbah,18.05,30.95,31.47,21,0,4.55,SD,1698262865
156,el bauga,18.262,33.9081,31.92,17,0,5.09,SD,1698263030
157,kani keli,-12.9536,45.1033,26.59,83,97,3.7,YT,1698263031
158,port shepstone,-30.7414,30.455,19.22,75,47,2.88,ZA,1698263031
159,kidal,18.4411,1.4078,29.39,12,28,4.78,ML,1698262868
160,san luis,-33.295,-66.3356,20.43,57,91,2.33,AR,1698263031
161,sidareja,-7.4846,108.7923,23.29,95,10,0.57,ID,1698263031
162,kolonia,50.9333,6.95,12.13,90,100,4.63,DE,1698262945
163,haiku-pauwela,20.9219,-156.3051,27.87,75,20,2.57,US,1698262826
164,protaras,35.0125,34.0583,23.33,78,24,0.98,CY,1698262960
165,susuman,62.7833,148.1667,-23.63,99,81,0.25,RU,1698262746
166,wailua homesteads,22.0669,-159.378,27.08,67,0,0.45,US,1698262717
167,inyonga,-6.7167,32.0667,19.52,90,100,3.06,TZ,1698263033
168,rikaze,29.25,88.8833,1.4,49,13,1.31,CN,1698263033
169,tangalle,6.024,80.7911,24.59,87,39,2.43,LK,1698263033
170,ust-nera,64.5667,143.2,-22.57,98,93,1.16,RU,1698262739
171,carnarvon,-24.8667,113.6333,19.84,81,0,7.42,AU,1698262763
172,boulsa,12.6675,-0.5758,32.7,24,95,2.4,BF,1698263034
173,amga,60.8953,131.9608,-6.76,97,100,0.27,RU,1698262933
174,scarborough,54.2797,-0.4044,11.06,93,100,0.45,GB,1698262801
175,as samawah,31.332,45.2944,22.89,54,2,2.12,IQ,1698263035
176,castillos,-34.1667,-53.8333,15.9,68,19,5.5,UY,1698262895
177,georgetown,5.4112,100.3354,26.96,92,20,1.54,MY,1698262479
178,bubaque,11.2833,-15.8333,28.58,75,100,3.52,GW,1698262875
179,mata-utu,-13.2816,-176.1745,27.13,75,100,9.88,WF,1698263036
180,brattleboro,42.8509,-72.5579,24.26,66,100,0.45,US,1698262827
181,akjoujt,19.6969,-14.4164,34.92,20,100,5.54,MR,1698263036
182,cuenca,-2.8833,-78.9833,26.07,29,75,2.57,EC,1698263036
183,turabah,21.2141,41.6331,25.29,35,81,4.48,SA,1698263036
184,blackmans bay,-43.0167,147.3167,4.85,85,100,0.45,AU,1698262708
185,vorkuta,67.5,64.0,-20.33,100,100,1.02,RU,1698263037
186,aykhal,66.0,111.5,-15.17,100,95,4.08,RU,1698262776
187,nchelenge,-9.3451,28.734,26.72,66,100,3.41,ZM,1698262615
188,christchurch,-43.5333,172.6333,22.45,52,59,2.57,NZ,1698263038
189,east wittering,50.7697,-0.8744,12.22,95,100,0.89,GB,1698263038
190,pagar alam,-4.0167,103.2667,21.2,95,97,0.42,ID,1698263020
191,nova sintra,14.8667,-24.7167,23.81,76,51,7.81,CV,1698262767
192,taldykorgan,45.0156,78.3739,12.34,43,87,2.6,KZ,1698263038
193,new martinsville,39.6445,-80.8576,24.95,38,92,2.68,US,1698263039
194,khovd,48.0056,91.6419,4.17,31,16,2.16,MN,1698263039
195,nyrob,60.733,56.7202,-4.53,92,100,2.23,RU,1698263039
196,zeya,53.75,127.2667,3.6,74,100,2.02,RU,1698263040
197,padina,45.1181,20.7272,18.62,56,100,2.96,RS,1698263040
198,ilulissat,69.2167,-51.1,-3.99,54,40,2.57,GL,1698262838
199,lebu,-37.6167,-73.65,12.75,68,0,10.57,CL,1698262772
200,saipan,15.1355,145.701,27.39,89,0,3.09,MP,1698262726
201,toliara,-23.35,43.6667,25.89,78,53,1.9,MG,1698262874
202,fort bragg,35.139,-79.006,26.57,52,0,2.06,US,1698262923
203,cole harbour,44.6724,-63.4751,15.66,83,75,9.26,CA,1698263041
204,ketchikan,55.3422,-131.6461,6.26,36,0,5.66,US,1698262854
205,qamdo,31.1667,97.2333,-2.5,52,73,1.55,CN,1698263042
206,ituiutaba,-18.9689,-49.465,28.05,58,100,1.86,BR,1698263042
207,uusikaupunki,60.8004,21.4084,-0.06,83,88,4.97,FI,1698263042
208,bucerias,20.75,-105.3333,31.1,67,0,4.17,MX,1698263042
209,alfredo v. bonfil,21.0833,-86.85,30.04,66,8,5.81,MX,1698263043
210,sfantu gheorghe,45.8667,25.7833,14.59,87,99,0.62,RO,1698263043
211,ocean city,39.2776,-74.5746,23.43,67,58,2.68,US,1698263043
212,kitimat,54.0524,-128.6534,4.39,53,9,1.79,CA,1698263043
213,tupiza,-21.45,-65.7167,26.18,8,22,7.98,BO,1698263044
214,kasaragod,12.5,75.0,23.95,91,78,1.46,IN,1698263044
215,mogadishu,2.0371,45.3438,27.2,82,18,5.01,SO,1698263044
216,hami,42.8,93.45,11.86,39,0,0.92,CN,1698263044
217,coahuayana de hidalgo,18.7,-103.6583,29.6,65,100,2.63,MX,1698263044
218,taroa,8.7058,171.2275,28.03,77,17,4.76,MH,1698263045
219,steinkjer,64.193,11.3851,0.52,94,100,1.72,NO,1698263045
220,san patricio,28.017,-97.5169,32.88,59,79,8.54,US,1698262836
221,heihe,50.2441,127.4902,3.58,51,46,6.62,CN,1698263045
222,port lincoln,-34.7333,135.8667,10.73,61,2,6.04,AU,1698262723
223,las palmas de gran canaria,28.0997,-15.4134,24.07,69,40,6.69,ES,1698263046
224,harstad,68.799,16.5293,2.01,92,100,7.6,NO,1698262786
225,margaret river,-33.95,115.0667,14.89,79,65,3.95,AU,1698262712
226,chibougamau,49.9168,-74.3659,7.79,100,100,2.06,CA,1698262771
227,taradale,-39.5333,176.85,20.01,63,96,0.89,NZ,1698263047
228,hawaiian paradise park,19.5933,-154.9731,28.91,76,40,2.57,US,1698262758
229,lompoc,34.6391,-120.4579,18.67,69,75,2.57,US,1698262900
230,fort mcmurray,56.7268,-111.381,-2.23,50,75,4.12,CA,1698263047
231,aguas belas,-9.1114,-37.1231,34.97,22,3,4.89,BR,1698263048
232,guthrie,35.8789,-97.4253,24.37,83,100,7.72,US,1698263048
233,t'q'ibuli,42.3512,42.9987,12.51,67,100,3.22,GE,1698263048
234,post,33.1909,-101.3782,25.65,42,47,4.76,US,1698263048
235,puerto baquerizo moreno,-0.9,-89.6,23.55,94,100,3.09,EC,1698262752
236,luderitz,-26.6481,15.1594,16.01,86,2,2.27,NA,1698262821
237,meadow lakes,61.6247,-149.6011,3.68,93,0,0.0,US,1698263049
238,ahus,55.9167,14.2833,7.78,97,100,5.66,SE,1698263049
239,labytnangi,66.6572,66.4183,-10.52,91,55,2.89,RU,1698263049
240,mossel bay,-34.1831,22.146,16.25,85,100,4.61,ZA,1698263049
241,benguela,-12.5763,13.4055,23.86,78,94,2.21,AO,1698263050
242,morehead city,34.7229,-76.726,25.0,68,0,4.12,US,1698262929
243,yamada,39.4667,141.95,12.62,85,67,2.66,JP,1698263050
244,anna regina,7.2644,-58.5077,29.31,73,100,4.47,GY,1698262870
245,camocim,-2.9022,-40.8411,27.36,71,15,8.02,BR,1698263050
246,buzet,45.4094,13.9667,16.65,93,73,2.58,HR,1698263051
247,tikapur,28.5,81.1333,19.24,71,0,1.7,NP,1698263051
248,at taj,24.2049,23.2857,23.02,30,0,3.99,LY,1698262924
249,mujiayingzi,42.1167,118.7833,5.17,36,0,0.63,CN,1698263051
250,beihai,21.4833,109.1,24.73,87,100,3.66,CN,1698263051
251,taloqan,36.7361,69.5345,18.72,29,100,2.74,AF,1698263052
252,champerico,14.3,-91.9167,34.3,78,60,4.59,GT,1698263052
253,puerto ayora,-0.7393,-90.3518,27.98,90,99,4.02,EC,1698262724
254,east london,-33.0153,27.9116,18.6,75,60,5.76,ZA,1698262916
255,novodvinsk,64.4165,40.8122,0.99,83,16,1.54,RU,1698263053
256,yeppoon,-23.1333,150.7333,19.88,88,5,1.64,AU,1698262777
257,vila do maio,15.1333,-23.2167,27.44,76,29,5.1,CV,1698263053
258,juticalpa,14.65,-86.2,35.08,65,99,2.4,HN,1698263053
259,chonchi,-42.6128,-73.8092,16.18,56,100,2.09,CL,1698262770
260,iron river,46.0927,-88.6423,11.42,84,100,1.78,US,1698263053
261,madinat ash shamal,26.1293,51.2009,29.27,63,0,5.89,QA,1698263054
262,tukrah,32.5341,20.5791,24.58,47,100,1.95,LY,1698263054
263,lupane,-18.9315,27.807,26.84,38,61,2.87,ZW,1698263054
264,lata,40.1629,-8.3327,19.49,96,100,3.29,PT,1698263054
265,vila velha,-20.3297,-40.2925,22.97,96,75,3.6,BR,1698262774
266,bredy,52.4153,60.3411,-1.64,79,99,4.36,RU,1698263055
267,suoyarvi,62.0833,32.35,-3.67,85,6,1.08,RU,1698263055
268,cabedelo,-6.9811,-34.8339,28.37,73,5,4.87,BR,1698263055
269,metlili chaamba,32.2667,3.6333,25.52,17,0,2.06,DZ,1698263055
270,vorgashor,67.5833,63.95,-18.82,100,100,1.06,RU,1698262732
271,tura,25.5198,90.2201,19.3,93,0,1.02,IN,1698262762
272,eregli,37.5133,34.0467,17.86,43,99,0.93,TR,1698263056
273,macapa,0.0389,-51.0664,33.99,49,40,4.12,BR,1698263056
274,halifax,44.6453,-63.5724,15.94,83,75,9.26,CA,1698263056
275,cooper's town,26.8667,-77.5167,25.68,64,26,11.27,BS,1698263057
276,saint-philippe,-21.3585,55.7679,23.77,81,4,5.67,RE,1698262941
277,eyl,7.9803,49.8164,27.32,78,67,5.45,SO,1698262820
278,balakhta,55.38,91.6,6.32,63,100,5.32,RU,1698263057
279,guiglo,6.5456,-7.4966,22.54,94,62,0.4,CI,1698263057
280,sofiyivka,48.0493,33.8746,13.26,83,100,7.17,UA,1698263058
281,holualoa,19.6228,-155.9522,28.26,68,20,4.12,US,1698263058
282,saudarkrokur,65.7461,-19.6394,1.97,79,99,0.27,IS,1698262913
283,arno,60.1167,18.6333,3.77,64,100,6.41,SE,1698262919
284,kaa-khem,51.6833,94.7333,2.45,41,100,1.22,RU,1698263059
285,hafar al-batin,28.4328,45.9708,21.32,68,75,6.69,SA,1698263059
286,semey,50.4111,80.2275,12.04,51,100,8.02,KZ,1698262932
287,grand-bassam,5.2118,-3.7388,26.98,87,95,1.84,CI,1698263059
288,baruun-urt,46.6806,113.2792,0.08,54,3,1.89,MN,1698262880
289,kharp,66.8014,65.8081,-11.78,88,52,3.25,RU,1698263060
290,flying fish cove,-10.4217,105.6791,25.82,88,100,4.12,CX,1698262904
291,iwanai,42.9744,140.5089,9.38,94,0,2.23,JP,1698263060
292,pont-a-mousson,48.9079,6.0589,13.24,95,100,7.72,FR,1698263061
293,la ronge,55.1001,-105.2842,-2.86,63,100,4.12,CA,1698262803
294,mooirivier,-29.2082,29.9946,11.27,88,66,0.76,ZA,1698263061
295,zangilan,39.0883,46.6512,16.93,61,95,1.04,AZ,1698263061
296,gulf park estates,30.3919,-88.7611,27.38,71,100,7.2,US,1698263061
297,al 'amarah,31.8406,47.1396,22.28,59,22,2.45,IQ,1698263062
298,shushtar,32.0455,48.8567,24.45,47,100,2.41,IR,1698263062
299,nurota,40.5614,65.6886,19.71,33,100,4.54,UZ,1698263062
300,ottumwa,41.02,-92.4113,20.3,90,100,2.06,US,1698263063
301,belyy yar,53.6039,91.3903,2.94,87,0,0.0,RU,1698262844
302,sao luiz gonzaga,-28.4083,-54.9608,20.44,76,83,4.35,BR,1698263063
303,saint-joseph,-21.3667,55.6167,25.26,79,4,2.98,RE,1698263063
304,yerofey pavlovich,53.9667,121.9667,-3.36,52,4,4.03,RU,1698263064
305,tolanaro,-25.0319,46.9987,23.04,78,40,2.57,MG,1698262517
306,murgab,37.4966,61.9714,21.93,40,100,7.2,TM,1698263065
307,vila franca do campo,37.7167,-25.4333,22.16,99,86,7.86,PT,1698262525
308,udayagiri,20.1333,84.3833,20.9,73,97,1.09,IN,1698263065
309,pisco,-13.7,-76.2167,21.03,78,100,4.12,PE,1698262898
310,bardai,11.65,7.2333,24.73,25,100,1.01,NG,1698262935
311,petropavlovsk-kamchatsky,53.0452,158.6483,4.14,78,40,4.0,RU,1698262721
312,ceyranbatan,40.5408,49.6597,14.84,73,60,3.45,AZ,1698263066
313,neryungri,56.6709,124.6491,-7.6,91,100,4.46,RU,1698263067
314,nizhneangarsk,55.7833,109.55,-1.11,45,100,3.58,RU,1698263067
315,alupka,44.4167,34.05,18.58,86,89,0.29,UA,1698263067
316,andapa,-14.65,49.65,21.61,96,98,0.34,MG,1698263067
317,nahiyat ash shinafiyah,31.5874,44.6602,22.76,56,0,2.42,IQ,1698263068
318,nagahama,35.3833,136.2667,13.15,92,0,2.0,JP,1698263068
319,vernon,50.2581,-119.2691,5.89,45,100,4.92,CA,1698262802
320,palikir - national government center,6.9248,158.1611,23.41,100,40,1.54,FM,1698262848
321,debre werk',10.6667,38.1667,15.39,71,100,0.51,ET,1698263069
322,atafu village,-8.5421,-172.5159,28.37,77,93,6.38,TK,1698262736
323,gaigeturi,33.4644,126.3183,16.03,72,0,3.09,KR,1698263069
324,klyuchi,52.2667,79.1667,11.75,56,100,8.16,RU,1698262709
325,cestos city,5.46,-9.5828,26.09,87,51,3.46,LR,1698263070
326,lycksele,64.5954,18.6735,-2.07,80,100,2.06,SE,1698263070
327,laguna,38.421,-121.4238,18.92,59,75,5.14,US,1698263070
328,vilyuchinsk,52.9306,158.4028,4.96,74,54,5.85,RU,1698262799
329,hermanus,-34.4187,19.2345,16.12,80,100,4.22,ZA,1698262805
330,santa elena de uairen,4.6167,-61.1333,25.64,71,91,2.51,VE,1698263071
331,marabba,12.35,32.1833,32.93,38,60,4.03,SD,1698263071
332,filingue,14.3521,3.3168,31.59,9,9,2.47,NE,1698263071
333,altai,46.3722,96.2583,2.52,21,4,2.11,MN,1698263071
334,mukalla,14.5425,49.1242,27.1,77,68,3.79,YE,1698263071
335,salinopolis,-0.6136,-47.3561,27.84,69,38,6.33,BR,1698263072
336,singaparna,-7.3515,108.111,21.58,96,72,0.33,ID,1698263072
337,kamaishi,39.2667,141.8833,13.59,82,76,3.23,JP,1698263072
338,thomaston,32.8882,-84.3266,25.26,55,100,4.12,US,1698263072
339,inari,68.906,27.0288,-3.89,93,97,3.25,FI,1698263072
340,callao,-12.0667,-77.15,21.51,77,100,4.63,PE,1698263003
341,aracati,-4.5617,-37.7697,27.15,64,0,5.18,BR,1698263073
342,darnah,32.767,22.6367,23.0,62,100,1.16,LY,1698263073
343,borgarnes,64.5383,-21.9206,8.03,85,85,4.06,IS,1698263073
344,karlskrona,56.1616,15.5866,7.25,90,100,7.61,SE,1698263073
345,kavaratti,10.5669,72.642,28.28,69,8,0.44,IN,1698262859
346,bikenibeu village,1.3673,173.1241,28.98,79,20,2.57,KI,1698262769
347,artigas,-30.4,-56.4667,21.34,59,46,3.42,UY,1698263074
348,tweed heads,-28.1817,153.547,22.02,86,100,3.6,AU,1698263074
349,dabou,5.3256,-4.3769,25.31,90,66,2.72,CI,1698263074
350,san felipe orizatlan,21.1833,-98.6167,28.26,75,100,1.08,MX,1698263075
351,beruniy,41.6911,60.7525,13.98,77,0,5.14,UZ,1698263075
352,kolokani,13.5728,-8.0339,29.81,14,81,2.13,ML,1698263075
353,eenhana,-17.4667,16.3333,25.23,41,67,2.55,NA,1698263075
354,settat,33.0007,-7.6204,17.9,69,4,3.41,MA,1698263075
355,aljezur,37.3191,-8.8033,19.17,90,91,2.34,PT,1698263075
356,agat village,13.3886,144.6585,28.06,91,0,1.54,GU,1698263076
357,uray,60.1247,64.7758,-3.96,61,1,2.68,RU,1698263076
358,tommot,58.9564,126.2925,-5.58,95,100,2.25,RU,1698263076
359,grand falls-windsor,48.9332,-55.6649,9.17,89,100,3.49,CA,1698262728
360,kahror pakka,29.6238,71.9167,24.93,37,0,1.37,PK,1698263077
361,iskushuban,10.2837,50.23,25.95,78,100,4.92,SO,1698263077
362,pacocha,-17.5833,-71.3333,21.08,68,100,3.09,PE,1698263077
363,katsuura,35.1333,140.3,16.47,77,0,4.99,JP,1698262872
364,crane,31.3974,-102.3501,24.02,44,0,2.71,US,1698262732
365,llorente,11.4119,125.5458,26.55,87,97,2.96,PH,1698263078
366,malvan,16.0667,73.4667,25.94,71,44,2.99,IN,1698263078
367,cill airne,52.05,-9.5167,10.28,97,91,1.89,IE,1698263078
368,kiruna,67.8557,20.2251,-3.49,93,100,3.6,SE,1698263079
369,wynyard,-41.0,145.7167,7.95,63,13,5.96,AU,1698262773
370,bahia honda,22.9036,-83.1592,27.62,70,87,7.37,CU,1698263079
371,tripoli,32.8752,13.1875,24.79,79,93,4.27,LY,1698263079
372,sandnessjoen,66.0217,12.6316,4.12,81,75,1.03,NO,1698262885
373,broken hill,-31.95,141.4333,6.23,58,0,7.67,AU,1698263079
374,charlestown,-32.95,151.6667,15.38,94,100,3.58,AU,1698263080
375,ambodifotatra,-16.9833,49.85,25.67,87,74,7.53,MG,1698262846
376,vanino,49.0869,140.2543,5.51,90,100,0.78,RU,1698262726
377,badger,64.8,-147.5333,-2.33,87,40,2.06,US,1698262839
378,dolisie,-4.1997,12.6739,22.55,94,90,1.77,CG,1698263080
379,mariental,-24.6333,17.9667,28.44,12,50,5.28,NA,1698263080
380,dudinka,69.4058,86.1778,-6.32,96,100,1.34,RU,1698263081
381,shingu,33.7333,135.9833,13.26,83,0,2.83,JP,1698263081
382,brisas de zicatela,15.8369,-97.0419,29.75,69,79,3.19,MX,1698263081
383,palmer,42.1584,-72.3287,21.93,51,75,3.6,US,1698262945
384,pangkalanbuun,-2.6833,111.6167,23.41,95,70,0.87,ID,1698263081
385,portoferraio,42.8115,10.3146,21.43,61,100,0.52,IT,1698262883
386,chimoio,-19.1164,33.4833,21.9,91,87,3.84,MZ,1698262942
387,taltal,-25.4,-70.4833,19.05,66,24,3.64,CL,1698263082
388,vangaindrano,-23.35,47.6,22.86,91,100,4.56,MG,1698262887
389,polyarnyy,69.1989,33.4478,-4.43,92,82,3.47,RU,1698262707
390,robertsport,6.7533,-11.3686,26.7,81,89,4.14,LR,1698263082
391,xuanzhou,30.9525,118.7553,18.99,71,98,0.88,CN,1698263083
392,kumeny,58.1089,49.9161,-4.06,95,11,3.37,RU,1698262999
393,brookings,44.3114,-96.7984,11.0,82,100,3.6,US,1698262732
394,yuanlin,30.4151,112.8859,18.55,92,100,1.56,CN,1698263083
395,khandyga,62.6667,135.6,-14.75,91,100,1.5,RU,1698263083
396,nuku'alofa,-21.1333,-175.2,22.19,73,75,8.23,TO,1698262727
397,kempsey,-31.0833,152.8333,17.75,91,100,3.13,AU,1698263084
398,lihue,21.9789,-159.3672,27.42,68,0,0.0,US,1698262902
399,tavda,58.0425,65.2726,-3.5,65,9,2.24,RU,1698263084
400,coronel dorrego,-38.7187,-61.2873,22.94,26,17,4.29,AR,1698262872
401,nyurba,63.2842,118.3319,-12.77,97,62,2.13,RU,1698263084
402,midvagur,62.0511,-7.1939,9.46,76,75,4.63,FO,1698263085
403,namibe,-15.1961,12.1522,18.9,81,86,1.53,AO,1698262515
404,pacific grove,36.6177,-121.9166,19.0,73,0,4.02,US,1698263085
405,wendouree,-37.55,143.8333,3.59,95,90,1.34,AU,1698263085
406,kapuskasing,49.4169,-82.4331,3.05,100,100,2.57,CA,1698262823
407,sao joao da barra,-21.6403,-41.0511,25.05,86,100,6.19,BR,1698262620
408,dabola,10.75,-11.1167,24.74,82,68,1.53,GN,1698263086
409,ajka,47.102,17.5589,14.47,84,100,3.55,HU,1698263086
410,novyy urgal,51.0736,132.5642,1.11,86,100,1.26,RU,1698263086
411,argo,37.6333,22.7333,22.66,48,100,1.53,GR,1698263086
412,dwarka,22.2394,68.9678,27.23,73,6,5.4,IN,1698263086
413,kayyerkan,69.3786,87.7439,-6.5,100,100,2.36,RU,1698263087
414,antsiranana,-12.2787,49.2917,24.51,89,94,4.61,MG,1698263087
415,guiuan,11.0333,125.7247,28.32,78,100,5.66,PH,1698262831
416,aswan,24.0934,32.907,33.61,19,0,3.09,EG,1698263087
417,uturoa,-16.7333,-151.4333,26.34,81,95,3.93,PF,1698262729
418,garden city,42.3256,-83.331,18.97,70,75,4.12,US,1698263087
419,zemio,5.0314,25.1361,21.19,97,100,1.26,CF,1698263088
420,ilha de mocambique,-15.0342,40.7358,26.08,88,5,6.25,MZ,1698263088
421,kristinestad,62.2743,21.376,-3.83,84,97,3.94,FI,1698263088
422,coxim,-18.5067,-54.76,34.83,37,100,3.46,BR,1698263089
423,chilecito,-29.1619,-67.4974,22.56,45,31,7.74,AR,1698263089
424,mangrol,21.1167,70.1167,26.97,62,37,2.64,IN,1698263089
425,holmsund,63.706,20.3641,-1.7,92,100,1.03,SE,1698263089
426,tosontsengel,48.7567,98.2839,0.22,40,45,0.81,MN,1698263089
427,usogorsk,63.4106,48.6872,-1.3,64,59,3.55,RU,1698262838
428,puerto barrios,15.7167,-88.6,27.08,94,75,0.0,GT,1698263090
429,madalena,41.2162,-8.3345,19.32,97,100,4.63,PT,1698263090
430,caleta de carquin,-11.0925,-77.6267,21.24,79,80,3.97,PE,1698262936
431,saint-jean-de-monts,46.7833,-2.0667,17.7,90,100,11.64,FR,1698263090
432,tvoroyri,61.5556,-6.8111,8.89,91,96,10.15,FO,1698263091
433,igrim,63.1906,64.4162,-4.14,92,100,2.05,RU,1698263091
434,juan griego,11.0817,-63.9655,30.09,68,100,3.0,VE,1698263091
435,mooloolaba,-26.6833,153.1167,21.7,87,17,3.28,AU,1698263091
436,amahai,-3.3333,128.9167,24.86,83,99,1.42,ID,1698263092
437,cidreira,-30.1811,-50.2056,20.26,63,4,5.44,BR,1698262911
438,quellon,-43.1167,-73.6167,12.38,68,100,0.97,CL,1698262903
439,heroica caborca,30.7167,-112.15,26.11,32,0,2.08,MX,1698263092
440,lindi,-10.0,39.7167,25.19,93,39,1.31,TZ,1698263092
441,miyako,39.6367,141.9525,12.65,84,43,2.48,JP,1698263092
442,manakara,-22.1333,48.0167,23.96,92,100,0.73,MG,1698263093
443,birnin kudu,11.4459,9.4984,26.97,18,100,3.0,NG,1698263093
444,patnagarh,20.7167,83.15,19.98,68,5,1.21,IN,1698263093
445,lensk,60.7253,114.9278,-2.22,76,100,3.01,RU,1698263093
446,kapa'a,22.0752,-159.319,27.83,67,0,0.45,US,1698262869
447,calamba,14.2117,121.1653,26.7,92,85,2.15,PH,1698263094
448,marka,1.7159,44.7717,26.76,84,39,5.16,SO,1698263094
449,ust'-charyshskaya pristan',52.3934,83.6635,12.95,36,100,9.23,RU,1698263094
450,revda,56.801,59.9303,-7.49,97,57,3.06,RU,1698263094
451,chemolgan,43.1897,76.5292,6.81,45,75,2.22,KZ,1698263094
452,coracora,-15.0333,-73.7833,15.33,62,98,5.33,PE,1698263095
453,sagua la grande,22.8067,-80.0756,27.55,60,40,8.03,CU,1698262947
454,izmail,45.3493,28.8408,19.16,51,93,4.22,UA,1698262877
455,dalianwan,39.0286,121.695,16.02,33,0,5.0,CN,1698263095
456,kutum,14.2,24.6667,26.32,19,47,4.42,SD,1698263095
457,huilong,31.8111,121.655,18.29,87,26,1.16,CN,1698263095
458,jayapura,-2.5333,140.7,24.66,92,100,1.72,ID,1698263096
459,navashino,55.5292,42.2003,-0.97,73,98,1.28,RU,1698263096
460,mughal sarai,25.3,83.1167,20.04,58,0,2.48,IN,1698263096
461,kourou,5.1552,-52.6478,32.03,69,86,5.54,GF,1698262842
462,bomdila,27.25,92.4,8.61,88,1,2.82,IN,1698263096
463,calama,-22.4667,-68.9333,27.27,6,0,11.83,CL,1698263003
464,kuqa,41.7278,82.9364,12.23,34,0,1.12,CN,1698263097
465,nadi,-17.8,177.4167,24.0,69,75,2.06,FJ,1698263097
466,astrakhan,46.3497,48.0408,7.93,65,0,4.92,RU,1698262920
467,ban karon,7.8477,98.2985,29.88,74,96,2.75,TH,1698263097
468,kuta,-8.7233,115.1723,26.97,94,40,1.03,ID,1698262866
469,al kharijah,25.4514,30.5464,26.89,30,0,3.26,EG,1698263098
470,vadso,70.0744,29.7487,-2.91,80,40,7.72,NO,1698262725
471,hammerfest,70.6634,23.6821,-4.75,86,20,1.03,NO,1698262753
472,puerto aysen,-45.4,-72.7,10.44,86,100,2.55,CL,1698263098
473,gueret,46.1667,1.8667,12.04,98,100,4.23,FR,1698263098
474,port blair,11.6667,92.75,25.02,100,75,1.03,IN,1698263099
475,arraial do cabo,-22.9661,-42.0278,23.92,83,75,4.63,BR,1698262876
476,antalaha,-14.9003,50.2788,24.02,91,95,2.17,MG,1698263099
477,xiva,41.3783,60.3639,13.99,67,97,5.41,UZ,1698263099
478,pinar del rio,22.4175,-83.6981,29.11,61,99,5.63,CU,1698263099
479,marco,25.9726,-81.729,31.01,37,40,7.72,US,1698263099
480,baie-comeau,49.2168,-68.1489,8.82,93,100,1.54,CA,1698263100
481,codrington,-38.2667,141.9667,10.67,66,73,7.47,AU,1698262822
482,irkutsk,52.2978,104.2964,2.38,75,0,1.0,RU,1698262993
483,labuan,5.2767,115.2417,26.2,94,20,0.0,MY,1698263100
484,palangkaraya,-2.2,113.8333,23.25,94,59,0.79,ID,1698263100
485,sarakhs,36.5449,61.1577,23.01,31,100,3.66,IR,1698263101
486,plastun,44.7561,136.2939,9.71,85,100,1.76,RU,1698263101
487,kingsford,-33.924,151.2275,15.08,77,75,9.26,AU,1698263101
488,preobrazheniye,42.9019,133.9064,11.62,74,80,1.8,RU,1698263101
489,qaisumah,28.3112,46.1273,20.98,68,75,6.69,SA,1698263102
490,beira,-19.8436,34.8389,25.45,85,60,8.62,MZ,1698262966
491,ust'-ordynskiy,52.805,104.7508,1.85,55,98,1.45,RU,1698263102
492,erechim,-27.6342,-52.2739,20.34,71,13,3.39,BR,1698263103
493,guerrero negro,27.9769,-114.0611,22.59,55,0,4.79,MX,1698263103
494,nova vicosa,-17.8919,-39.3719,26.89,77,22,8.2,BR,1698262707
495,lethem,3.3803,-59.7968,33.16,49,79,0.89,GY,1698263104
496,bakchar,57.0186,82.0711,4.77,79,100,4.4,RU,1698263104
497,rasht,37.2808,49.5832,16.9,100,1,0.0,IR,1698263008
498,zouerate,22.7187,-12.4521,28.43,28,0,4.44,MR,1698263104
499,old town,50.087,14.4202,12.78,79,0,3.6,CZ,1698263104
500,isiro,2.7739,27.616,20.2,99,100,0.42,CD,1698263105
501,kayangel,8.0823,134.7173,28.65,76,95,5.22,PW,1698262567
502,ca mau,9.1769,105.15,24.69,91,90,0.84,VN,1698263105
503,betio village,1.358,172.9211,29.02,72,11,5.16,KI,1698263105
504,kargasok,59.0556,80.8572,1.09,99,100,1.34,RU,1698262909
505,poronaysk,49.2167,143.1167,6.82,82,100,3.07,RU,1698263106
506,kill devil hills,36.0307,-75.676,23.01,63,0,3.09,US,1698262844
507,natal,-5.795,-35.2094,29.36,65,20,5.14,BR,1698262897
508,savannah,32.0835,-81.0998,27.04,63,100,6.17,US,1698263106
509,viqueque,-8.8673,126.3658,23.31,75,1,1.6,TL,1698263106
510,puerto deseado,-47.7503,-65.8938,20.88,25,6,10.87,AR,1698262832
511,kone,-21.0595,164.8658,23.83,83,96,2.14,NC,1698262919
512,rabo de peixe,37.8,-25.5833,21.66,99,75,8.75,PT,1698262849
513,azemmour,33.2895,-8.3425,20.66,78,4,2.22,MA,1698263107
514,xilin hot,43.9667,116.0333,2.29,37,97,1.37,CN,1698263107
515,nikolayevsk-on-amure,53.1406,140.73,-0.39,82,50,1.71,RU,1698262807
516,margate,51.3813,1.3862,10.94,87,79,0.46,GB,1698263107
517,sumbawa besar,-8.5,117.4333,22.15,78,38,2.02,ID,1698263108
518,progreso,21.2833,-89.6667,29.44,65,12,8.68,MX,1698263108
519,tidjikja,18.5564,-11.4271,32.14,20,92,4.38,MR,1698263109
520,muscat,23.6139,58.5922,29.01,65,74,1.66,OM,1698262216
521,beloyarskiy,63.7119,66.6722,-2.22,83,100,1.34,RU,1698263109
522,mogoytuy,51.2833,114.9167,-5.21,47,8,1.69,RU,1698263109
523,makarska,43.2969,17.0178,18.0,81,33,2.7,HR,1698262987
524,oroqen zizhiqi,50.5667,123.7167,-0.58,53,6,5.89,CN,1698263110
525,luwuk,-0.9516,122.7875,24.25,59,67,2.16,ID,1698263110
526,karatuzskoye,53.6072,92.8667,3.54,90,100,4.47,RU,1698263110
527,galliano,29.4422,-90.2992,29.44,65,40,5.14,US,1698263110
528,juye,35.3947,116.0883,16.96,51,29,1.93,CN,1698263111
529,fukuecho,32.6881,128.8419,20.29,62,5,4.23,JP,1698263111
530,zanjan,36.6736,48.4787,13.27,50,3,1.62,IR,1698262950
531,jacmel,18.2342,-72.5347,29.25,70,80,0.91,HT,1698263111
532,praia da vitoria,38.7333,-27.0667,20.14,88,75,6.35,PT,1698262653
533,mazatlan,23.2167,-106.4167,29.39,66,0,2.24,MX,1698263112
534,orkney,-26.9802,26.6727,21.08,12,0,1.66,ZA,1698263112
535,santa cruz cabralia,-16.2781,-39.0247,28.13,74,20,9.77,BR,1698263112
536,pyt-yakh,60.7499,72.8582,-1.3,81,100,1.83,RU,1698263112
537,puerto salgar,5.463,-74.6544,32.4,58,81,1.76,CO,1698263113
538,inirida,3.8653,-67.9239,31.21,62,99,1.82,CO,1698262894
539,mantua,45.1667,10.7833,14.99,88,100,0.89,IT,1698263091
540,port macquarie,-31.4333,152.9167,17.72,89,100,5.83,AU,1698262711
541,tete,-16.1564,33.5867,32.27,46,0,6.35,MZ,1698263113
542,ivdel',60.6911,60.4206,-4.34,72,79,1.79,RU,1698263114
543,pangody,65.85,74.4859,-6.99,96,79,2.98,RU,1698263114
544,kulhudhuffushi,6.6221,73.07,27.86,76,65,2.99,MV,1698263114
545,atherton,53.5237,-2.4935,9.14,93,100,1.12,GB,1698263115
546,nkove,-7.95,30.85,25.52,71,100,5.33,TZ,1698263115
547,mahajanga,-15.7167,46.3167,28.01,78,20,5.66,MG,1698262931
548,salekhard,66.53,66.6019,-9.81,93,50,3.43,RU,1698263115
549,chulakkurgan,43.765,69.1814,15.18,46,100,6.21,KZ,1698263116
550,letlhakane,-21.4167,25.5833,27.3,41,0,7.49,BW,1698263117
551,mrakovo,52.7161,56.6244,-3.38,80,60,4.54,RU,1698263117
552,nantwich,53.0688,-2.5205,8.64,94,100,1.93,GB,1698263117
553,shenjiamen,29.9576,122.298,21.37,85,100,1.45,CN,1698263118
554,enriquillo,17.9,-71.2333,32.82,81,98,2.01,DO,1698263118
555,ilhabela,-23.7781,-45.3581,21.79,87,71,2.1,BR,1698263118
556,aguilas,37.4063,-1.5829,21.88,62,100,3.71,ES,1698263119
557,salah bey,35.8545,5.2905,15.23,52,57,1.99,DZ,1698263119
558,santana,-0.0583,-51.1817,34.1,49,40,4.12,BR,1698263119
559,santa maria,-29.6842,-53.8069,18.61,77,75,2.06,BR,1698263103
560,semporna,4.4818,118.6112,26.06,83,47,1.21,MY,1698263120
561,nadym,65.5333,72.5167,-5.37,93,98,4.43,RU,1698262930
562,fortaleza,-3.7227,-38.5247,29.48,68,20,5.14,BR,1698262964
563,fale old settlement,-9.3852,-171.2468,28.08,78,100,7.11,TK,1698262713
564,prado,-17.3411,-39.2208,26.13,80,14,9.09,BR,1698263121
565,okha,53.5739,142.9478,0.99,74,15,3.39,RU,1698262849
566,mount pearl,47.5166,-52.7813,11.19,78,100,10.8,CA,1698262763
567,al jawf,29.5,38.75,24.1,37,0,4.58,SA,1698262883
568,katabu,-4.9333,122.5167,21.29,88,98,1.23,ID,1698263122
569,nushki,29.5542,66.0215,21.45,20,0,2.85,PK,1698263122
570,zhangye,38.9342,100.4517,9.13,28,0,2.23,CN,1698263122
571,saint-leu,-21.15,55.2833,25.53,79,2,5.82,RE,1698262881
572,baikunthpur,23.25,82.55,17.16,62,5,1.3,IN,1698263122
573,sinabang,2.4803,96.3801,25.52,84,60,1.91,ID,1698262748
